{
  "index": 1,
  "name": "Bladex",
  "description": "Bladex is a sleek, cutting-edge cyberpunk vehicle that has become an icon of the future. Featuring a tapered design and advanced technology, Bladex is a stunning show of speed and agility on the race track, as it slices through the city skyline with ease and precision. Experience the rush of wind and power of this ultimate machine - its performance is second to none!",
  "element": "Techno-Blade",
  "rarity": "common",
  "rarity_index": 0,
  "speed": 35,
  "acceleration": 47,
  "maniability": 43,
  "image_prompt": "Bladex::0 a simple techno-blade-type tapered sedan cyberpunk::2, in futuristic skyscrapers, Futuristic nocturnal city backdrop, anime sketch with cyan watercolor --niji 5 --ar 3:2",
  "image_file": "001_bladex.png"
}