{
  "index": 2,
  "name": "Jetway",
  "description": "The Jetway is the ultimate futuristic ride, combining speed and agility to create an unparalleled experience on the suspended highways. The sleek design allows it to glide effortlessly across the track, with advanced aerodynamics providing a thrilling ride that will leave you breathless. With its smooth acceleration, and superior handling capabilities, the Jetway is sure to be the envy of the competition. So strap in and unleash your inner speed demon, as the Jetway is your ticket to cyberpunk glory.",
  "element": "Cyber-Boost",
  "rarity": "common",
  "rarity_index": 0,
  "speed": 50,
  "acceleration": 41,
  "maniability": 55,
  "image_prompt": "Jetway::0 a basic cyber-boost-type dazzling stealth-bike cyberpunk::2, in suspended futuristic highways, Flashing light effects, anime sketch with light cyan watercolor --niji 5 --ar 3:2",
  "image_file": "002_jetway.png"
}