{
  "index": 3,
  "name": "Vulcanox",
  "description": "Vulcanox is the cyberpunk-style cybercar that dominates the urban jungle. With innovative bio-mechanical scaly armor, it blazes through the streets with lightning speed and precision. Impressively agile and powerful, Vulcanox can out-maneuver and outpace its opponents, leaving them in a cloud of dust. It's the perfect car for daredevils looking to take on the city in style.",
  "element": "Bio-Mech",
  "rarity": "uncommon",
  "rarity_index": 1,
  "speed": 32,
  "acceleration": 38,
  "maniability": 58,
  "image_prompt": "Vulcanox::0 a strong bio-mech-type scaly concept-car cyberpunk::2, scaly, in urban jungle, Mysterious and organic atmosphere, anime sketch with light green watercolor --niji 5 --ar 3:2",
  "image_file": "003_vulcanox.png"
}