{
  "index": 4,
  "name": "Ruinoid",
  "description": "Ruinoid is a cyberpunk masterpiece, an otherworldly fusion of modern tech and post-apocalyptic machinery. With its incredible acceleration and unbeatable power, it can dominate the race track and leave its competitors in the dust. Its sleek and menacing exterior hints at its menacing potential, and its advanced cybernetic components allow it to navigate the toughest terrain with ease. Get behind the wheel of Ruinoid, and prepare to experience the thrill of the ultimate cyberpunk racing machine.",
  "element": "Bio-Mech",
  "rarity": "rare",
  "rarity_index": 2,
  "speed": 43,
  "acceleration": 60,
  "maniability": 43,
  "image_prompt": "Ruinoid::0 a special bio-mech-type biomechanical musclecar cyberpunk::2, biomechanical, in post-apocalyptic cybernetic ruins, Mysterious and organic atmosphere, anime sketch with light green watercolor --niji 5 --ar 3:2",
  "image_file": "004_ruinoid.png"
}