{
  "index": 5,
  "name": "Morphee",
  "description": "The Morphee is an electric cyberpunk marvel, a sleek machine with a power beyond what can be imagined. Its electromagnetic charge glistening in the sunlight, this beast of the track accelerates from 0-60 in the blink of an eye and zips around corners with unmatched agility. A true force to be reckoned with, the Morphee is a revolutionary electric dream come alive.",
  "element": "Electro-Drive",
  "rarity": "uncommon",
  "rarity_index": 1,
  "speed": 44,
  "acceleration": 47,
  "maniability": 61,
  "image_prompt": "Morphee::0 a uncommon electro-drive-type electric hypercar cyberpunk::2, electric, in electromagnetically charged track, Dynamic electric lines background, anime sketch with yellow watercolor --niji 5 --ar 3:2",
  "image_file": "005_morphee.png"
}