{
  "index": 6,
  "name": "Elevolt",
  "description": "The Elevolt is the ultimate energy-driving force in the cyberpunk world. Its sleek, futuristic design allows it to take on any terrain with ease while its advanced electric charging technology ensures a seamless ride. When it comes to the race track, the Elevolt is an unstoppable force that leaves all competitors in its dust. The combination of its energy-driven power and cutting-edge technology makes it the perfect choice for anyone looking for an unbeatable ride.",
  "element": "Electro-Drive",
  "rarity": "rare",
  "rarity_index": 2,
  "speed": 56,
  "acceleration": 53,
  "maniability": 39,
  "image_prompt": "Elevolt::0 a special electro-drive-type energy-intensive sports-car cyberpunk::2, energy-intensive, in high-tech electric charging station, Sparkling energy effects, anime sketch with yellow watercolor --niji 5 --ar 3:2",
  "image_file": "006_elevolt.png"
}