{
  "index": 7,
  "name": "Pulsarly",
  "description": "The Pulsarly is a sleek and aerodynamic cyberpunk scout that whirls its way around the race track like a bolt of lightning. This hi-tech marvel is powered by an advanced electro-drive that propels it forward with remarkable speed and agility. Its sleek design and innovative technology make it a formidable competitor on the track, as its unrivaled acceleration and cornering prowess leave the competition in its dust. The Pulsarly truly is a technological tour de force, cruising through the field of giant wind turbines and solar panels with ease.",
  "element": "Electro-Drive",
  "rarity": "mythic",
  "rarity_index": 3,
  "speed": 54,
  "acceleration": 75,
  "maniability": 69,
  "image_prompt": "Pulsarly::0 a mythical electro-drive-type scout hypercar cyberpunk::2, scout, in field of giant wind turbines and solar panels, Dynamic electric lines background, anime sketch with yellow watercolor --niji 5 --ar 3:2",
  "image_file": "007_pulsarly.png"
}