{
  "index": 8,
  "name": "Futurize",
  "description": "Futurize is the ultimate high-tech racing machine, designed specifically for the virtual reality arena. Its sleek chassis and custom-designed engine provide maximum acceleration and handling, making it the perfect choice for the serious cyberpunk racer. With its cutting-edge technology and modern design, Futurize is guaranteed to take you to the finish line faster than any competitor. So suit up, strap in, and prepare to experience the thrill of the ultra-fast future.",
  "element": "Nano-Racer",
  "rarity": "rare",
  "rarity_index": 2,
  "speed": 56,
  "acceleration": 64,
  "maniability": 50,
  "image_prompt": "Futurize::0 a rare nano-racer-type miniature superbike cyberpunk::2, miniature, in virtual reality environment, Abstract digital world backdrop, anime sketch with magenta watercolor --niji 5 --ar 3:2",
  "image_file": "008_futurize.png"
}