{
  "index": 9,
  "name": "Skytower",
  "description": "Skytower is an exhilarating cyberpunk experience like none other. Taking the form of a soaring tower of plasma, competitors must navigate a winding track that whips around like a roller coaster ride. As they accelerate, the track pulses with electric energy, transporting them faster than the speed of sound. The adrenaline of the race will leave racers breathless, and the winner will be the one that reaches the summit first!",
  "element": "Plasma-Jet",
  "rarity": "rare",
  "rarity_index": 2,
  "speed": 45,
  "acceleration": 36,
  "maniability": 55,
  "image_prompt": "Skytower::0 a special plasma-jet-type plasma jet-racer cyberpunk::2, plasma, in track atop a plasma tower, Burning plasma lighting, anime sketch with purple watercolor --niji 5 --ar 3:2",
  "image_file": "009_skytower.png"
}