{
  "index": 10,
  "name": "Arctopod",
  "description": "The Arctopod is a mythical creature of speed, shrouded in a cloak of solar-empowered plasma. On the race track it is a fierce competitor, soaring through the air with agility and finesse, its powerful jets propelling it to unprecedented heights. To the spectators it is a blur, a streak of light that seems to defy all laws of physics and gravity. It is a champion of speed, a champion of the future.",
  "element": "Plasma-Jet",
  "rarity": "mythic",
  "rarity_index": 3,
  "speed": 32,
  "acceleration": 55,
  "maniability": 48,
  "image_prompt": "Arctopod::0 a mythical plasma-jet-type solar drone-racer cyberpunk::2, solar, in giant plasma tubes, Energetically torn sky background, anime sketch with purple watercolor --niji 5 --ar 3:2",
  "image_file": "010_arctopod.png"
}