{
  "index": 11,
  "name": "Portalux",
  "description": "The Portalux is a revolutionary cyberpunk vehicle, the likes of which have never been seen before. With its quantum dimensional portals, this sleek, high-tech ride blurs the line between reality and the virtual world. On the race track, its sophisticated technology propels it to extraordinary levels of performance, pushing it beyond the limits of the competition. The Portalux is the ultimate choice for fast-paced, high-stakes racing.",
  "element": "Quantum-Shift",
  "rarity": "rare",
  "rarity_index": 2,
  "speed": 48,
  "acceleration": 64,
  "maniability": 41,
  "image_prompt": "Portalux::0 a special quantum-shift-type quantum musclecar cyberpunk::2, quantum, in dimensional portals, Spatio-temporal distortion effects, anime sketch with blue watercolor --niji 5 --ar 3:2",
  "image_file": "011_portalux.png"
}