{
  "index": 12,
  "name": "Nocturor",
  "description": "A swift and silent machine of cybernetic design, Nocturor streaks through the urban jungle like the shadows of night. It outmaneuvers all opponents, glides through every tight corner, and even surprises its driver with its tremendous speed and agility. With its cutting-edge tech and no-nonsense attitude, Nocturor is the ultimate champion of the city streets and the undisputed king of the drone racetrack.",
  "element": "Stealth-Skull",
  "rarity": "uncommon",
  "rarity_index": 1,
  "speed": 42,
  "acceleration": 41,
  "maniability": 57,
  "image_prompt": "Nocturor::0 a strong stealth-skull-type stealthy drone-racer cyberpunk::2, stealthy, in nocturnal urban environment, Smoke and fog effects, anime sketch with dark gray watercolor --niji 5 --ar 3:2",
  "image_file": "012_nocturor.png"
}