{
  "index": 13,
  "name": "Nightfury",
  "description": "Nightfury is a rare and elusive cyberpunk racer, dominating the streets with its cloaking technology and raw power. It prowls the dark urban quarter with silent menace, effortlessly weaving through the shadows to breeze past its opponents. Its legendary maneuverability and speed makes it the envy of the night. Its ferocious acceleration and lightning-fast reflexes make it a champion, and its mysterious energy source remains an unbeatable mystery.",
  "element": "Stealth-Skull",
  "rarity": "rare",
  "rarity_index": 2,
  "speed": 30,
  "acceleration": 43,
  "maniability": 45,
  "image_prompt": "Nightfury::0 a rare stealth-skull-type stealthy drone-racer cyberpunk::2, stealthy, in dark and rainy urban quarter, Dark and contrasting lighting, anime sketch with dark gray watercolor --niji 5 --ar 3:2",
  "image_file": "013_nightfury.png"
}