{
  "index": 14,
  "name": "Noctsure",
  "description": "Noctsure is an enigmatic cyberpunk jet-racer that glides through the night sky like a wraith, creating a shadow of awe and fear among its opponents. It dominates the race track with its sleek design and otherworldly capabilities, leaving its competition in the dust. With its razor-sharp reflexes and lightning-fast acceleration, Noctsure is the ultimate urban speed demon.",
  "element": "Stealth-Skull",
  "rarity": "mythic",
  "rarity_index": 3,
  "speed": 48,
  "acceleration": 56,
  "maniability": 73,
  "image_prompt": "Noctsure::0 a epic stealth-skull-type shadowy jet-racer cyberpunk::2, shadowy, in nocturnal urban environment, Smoke and fog effects, anime sketch with dark gray watercolor --niji 5 --ar 3:2",
  "image_file": "014_noctsure.png"
}