{
  "index": 15,
  "name": "Armoth",
  "description": "Armoth is a legendary cyberpunk giant that dominates the race tracks with its unparalleled force and speed. This mysterious leviathan stalks the shadows of the secret military compound, its massive steel hull a reminder of its unstoppable power. Its thunderous roar can be heard for miles as it blasts down the track, its top speed surpassing any other machine. Armoth is truly a force to be reckoned with!",
  "element": "Hyper-Force",
  "rarity": "mythic",
  "rarity_index": 3,
  "speed": 57,
  "acceleration": 57,
  "maniability": 71,
  "image_prompt": "Armoth::0 a mythical hyper-force-type massive armored-transporter cyberpunk::2, massive, in secret military compound, Speed and motion effects, anime sketch with red watercolor --niji 5 --ar 3:2",
  "image_file": "015_armoth.png"
}