{
  "index": 16,
  "name": "Maverik",
  "description": "Maverik is a legendary cyberpunk with superhuman speed and agility. It's the perfect blend between technology and raw power, soaring across the track with incredible ease. Maverik breaks free from the competition, never content to stay in their dust. It has been banned from many races because of its unstoppable ability to dominate the competition. When Maverik is let loose, the track trembles in its wake.",
  "element": "Hyper-Force",
  "rarity": "legendary",
  "rarity_index": 4,
  "speed": 66,
  "acceleration": 40,
  "maniability": 57,
  "image_prompt": "Maverik::0 a legendary hyper-force-type powerful off-road cyberpunk::2, powerful, in secret military compound, Intense and powerful lighting, anime sketch with red watercolor --niji 5 --ar 3:2",
  "image_file": "016_maverik.png"
}