{
  "index": 17,
  "name": "Gritax",
  "description": "The Gritax is a cyberpunk industrial robot designed to be the ultimate off-road race companion. Boasting a cutting-edge mechanical-beast design, it's more than prepared to take on any terrain and challenge at blistering speeds. With its powerful hardware and advanced AI, Gritax is guaranteed to leave your competitors in the dust. So, strap in and get ready for the ride of a lifetime!",
  "element": "Mech-Beast",
  "rarity": "common",
  "rarity_index": 0,
  "speed": 44,
  "acceleration": 52,
  "maniability": 37,
  "image_prompt": "Gritax::0 a basic mech-beast-type industrial off-road cyberpunk::2, in robot production facility, Industrial and rugged lighting, anime sketch with orange watercolor --niji 5 --ar 3:2",
  "image_file": "017_gritax.png"
}