{
  "index": 18,
  "name": "Amotrix",
  "description": "The Amotrix is a cyberpunk-inspired machine of immense power and speed. It strides through the streets like a wild beast, rocketing across the finish line before anyone can follow its path. Onlookers are awed by its unbelievable agility in tight turns and powerful bursts of acceleration. With its advanced robotic production, this fantastic transporter is destined to dominate the race track.",
  "element": "Mech-Beast",
  "rarity": "uncommon",
  "rarity_index": 1,
  "speed": 59,
  "acceleration": 59,
  "maniability": 62,
  "image_prompt": "Amotrix::0 a uncommon mech-beast-type powerful armored-transporter cyberpunk::2, powerful, in robot production facility, Industrial and rugged lighting, anime sketch with orange watercolor --niji 5 --ar 3:2",
  "image_file": "018_amotrix.png"
}