{
  "index": 19,
  "name": "Defenderz",
  "description": "The Defenderz is an indomitable machine, crafted to dominate the decimated urban battlefields. Its powerful engines roar as it takes to the track, leaving its opponents clutching in its wake. This cybertruck is an unstoppable force, outfitted with the latest in futuristic technology that helps it effortlessly outmaneuver its rivals. With its sleek design and clever balance of power and agility, the Defenderz is guaranteed to make an unforgettable impression on the race track.",
  "element": "Mech-Beast",
  "rarity": "rare",
  "rarity_index": 2,
  "speed": 61,
  "acceleration": 62,
  "maniability": 48,
  "image_prompt": "Defenderz::0 a rare mech-beast-type mechanical musclecar cyberpunk::2, mechanical, in devastated urban battlefield, Rusty metal and smoke effects, anime sketch with orange watercolor --niji 5 --ar 3:2",
  "image_file": "019_defenderz.png"
}